configuration,vector_weight,bm25_weight,question_group,card_hit_at_3,strict_evidence_hit_at_3,recall_at_5,mrr_at_5,ndcg_at_5,denominator,paired_mrr_wins,paired_mrr_losses,paired_mrr_ties,paired_ndcg_wins,paired_ndcg_losses,paired_ndcg_ties,guardrail_loss_query_count
vector_0.4_bm25_0.6,0.4,0.6,all,0.9333333333333333,0.7333333333333333,0.775,0.5355555555555556,0.5757859162265218,30,,,,,,,
vector_0.4_bm25_0.6,0.4,0.6,card,1.0,0.7,0.9,0.36666666666666664,0.5016001884004073,10,,,,,,,
vector_0.4_bm25_0.6,0.4,0.6,evidence,0.9,0.75,0.7125,0.6199999999999999,0.6128787801395787,20,2,1,17,2,2,16,2
vector_0.4_bm25_0.6,0.4,0.6,category_proper_noun,1.0,0.7,0.9,0.36666666666666664,0.5016001884004073,10,,,,,,,
vector_0.4_bm25_0.6,0.4,0.6,category_numeric_condition,1.0,0.8,0.725,0.6366666666666666,0.6082874540068094,10,,,,,,,
vector_0.4_bm25_0.6,0.4,0.6,category_semantic,0.8,0.7,0.7,0.6033333333333333,0.6174701062723483,10,,,,,,,
vector_0.5_bm25_0.5,0.5,0.5,all,0.9333333333333333,0.7,0.775,0.5383333333333333,0.5748919839559729,30,,,,,,,
vector_0.5_bm25_0.5,0.5,0.5,card,1.0,0.6,0.9,0.4083333333333333,0.5315748688506009,10,,,,,,,
vector_0.5_bm25_0.5,0.5,0.5,evidence,0.9,0.75,0.7125,0.6033333333333333,0.5965505415086586,20,0,0,20,0,0,20,0
vector_0.5_bm25_0.5,0.5,0.5,category_proper_noun,1.0,0.6,0.9,0.4083333333333333,0.5315748688506009,10,,,,,,,
vector_0.5_bm25_0.5,0.5,0.5,category_numeric_condition,1.0,0.8,0.725,0.6533333333333333,0.6125380013878232,10,,,,,,,
vector_0.5_bm25_0.5,0.5,0.5,category_semantic,0.8,0.7,0.7,0.5533333333333333,0.580563081629494,10,,,,,,,
vector_0.6_bm25_0.4,0.6,0.4,all,0.9333333333333333,0.6333333333333333,0.7416666666666667,0.5444444444444444,0.5706206965390969,30,,,,,,,
vector_0.6_bm25_0.4,0.6,0.4,card,1.0,0.5,0.9,0.4,0.5246425246579403,10,,,,,,,
vector_0.6_bm25_0.4,0.6,0.4,evidence,0.9,0.7,0.6625,0.6166666666666667,0.5936097824796752,20,2,2,16,3,3,14,3
vector_0.6_bm25_0.4,0.6,0.4,category_proper_noun,1.0,0.5,0.9,0.4,0.5246425246579403,10,,,,,,,
vector_0.6_bm25_0.4,0.6,0.4,category_numeric_condition,1.0,0.7,0.625,0.625,0.5670624177066725,10,,,,,,,
vector_0.6_bm25_0.4,0.6,0.4,category_semantic,0.8,0.7,0.7,0.6083333333333333,0.6201571472526778,10,,,,,,,
vector_0.7_bm25_0.3,0.7,0.3,all,0.9333333333333333,0.6,0.7416666666666667,0.5216666666666667,0.5542144648841447,30,,,,,,,
vector_0.7_bm25_0.3,0.7,0.3,card,1.0,0.5,0.9,0.4,0.5246425246579403,10,,,,,,,
vector_0.7_bm25_0.3,0.7,0.3,evidence,0.9,0.65,0.6625,0.5825,0.5690004349972468,20,2,4,14,3,5,12,5
vector_0.7_bm25_0.3,0.7,0.3,category_proper_noun,1.0,0.5,0.9,0.4,0.5246425246579403,10,,,,,,,
vector_0.7_bm25_0.3,0.7,0.3,category_numeric_condition,1.0,0.7,0.625,0.5700000000000001,0.5247813111031594,10,,,,,,,
vector_0.7_bm25_0.3,0.7,0.3,category_semantic,0.8,0.6,0.7,0.595,0.6132195588913345,10,,,,,,,
vector_0.8_bm25_0.2,0.8,0.2,all,0.9333333333333333,0.6,0.725,0.5316666666666666,0.5528142086250365,30,,,,,,,
vector_0.8_bm25_0.2,0.8,0.2,card,1.0,0.5,0.8,0.375,0.48157486885060097,10,,,,,,,
vector_0.8_bm25_0.2,0.8,0.2,evidence,0.9,0.65,0.6875,0.61,0.5884338785122543,20,4,4,12,4,5,11,5
vector_0.8_bm25_0.2,0.8,0.2,category_proper_noun,1.0,0.5,0.8,0.375,0.48157486885060097,10,,,,,,,
vector_0.8_bm25_0.2,0.8,0.2,category_numeric_condition,1.0,0.7,0.675,0.625,0.5636481981331742,10,,,,,,,
vector_0.8_bm25_0.2,0.8,0.2,category_semantic,0.8,0.6,0.7,0.595,0.6132195588913345,10,,,,,,,
vector_0.3_bm25_0.7,0.3,0.7,all,0.9333333333333333,0.6666666666666666,0.775,0.5266666666666666,0.562974613909384,30,,,,,,,
vector_0.3_bm25_0.7,0.3,0.7,card,1.0,0.6,0.9,0.33166666666666667,0.4728101186828306,10,,,,,,,
vector_0.3_bm25_0.7,0.3,0.7,evidence,0.9,0.7,0.7125,0.6241666666666666,0.6080568615226605,20,3,1,16,3,3,14,4
vector_0.3_bm25_0.7,0.3,0.7,category_proper_noun,1.0,0.6,0.9,0.33166666666666667,0.4728101186828306,10,,,,,,,
vector_0.3_bm25_0.7,0.3,0.7,category_numeric_condition,0.9,0.7,0.725,0.6283333333333333,0.5906156956877915,10,,,,,,,
vector_0.3_bm25_0.7,0.3,0.7,category_semantic,0.9,0.7,0.7,0.62,0.6254980273575296,10,,,,,,,
vector_0.2_bm25_0.8,0.2,0.8,all,0.9333333333333333,0.6666666666666666,0.775,0.4911111111111111,0.5433747358715983,30,,,,,,,
vector_0.2_bm25_0.8,0.2,0.8,card,1.0,0.6,0.9,0.33666666666666667,0.47719249376671574,10,,,,,,,
vector_0.2_bm25_0.8,0.2,0.8,evidence,0.9,0.7,0.7125,0.5683333333333334,0.5764658569240395,20,4,3,13,4,5,11,6
vector_0.2_bm25_0.8,0.2,0.8,category_proper_noun,1.0,0.6,0.9,0.33666666666666667,0.47719249376671574,10,,,,,,,
vector_0.2_bm25_0.8,0.2,0.8,category_numeric_condition,0.9,0.7,0.725,0.5666666666666667,0.5643407111334037,10,,,,,,,
vector_0.2_bm25_0.8,0.2,0.8,category_semantic,0.9,0.7,0.7,0.5700000000000001,0.5885910027146753,10,,,,,,,
